<?xml version="1.0" encoding="UTF-8"?>
<project-private xmlns="http://www.netbeans.org/ns/project-private/1">
    <editor-bookmarks xmlns="http://www.netbeans.org/ns/editor-bookmarks/2" lastBookmarkId="0"/>
    <open-files xmlns="http://www.netbeans.org/ns/projectui-open-files/2">
        <group>
            <file>file:/F:/PROJECTS/Internship/Internship%20ANSPRO/Public_news_portal/Public_news_portal/src/java/signup.java</file>
            <file>file:/F:/PROJECTS/Internship/Internship%20ANSPRO/Public_news_portal/Public_news_portal/web/view_news.jsp</file>
            <file>file:/F:/PROJECTS/Internship/Internship%20ANSPRO/Public_news_portal/Public_news_portal/web/hajujuju.jsp</file>
            <file>file:/F:/PROJECTS/Internship/Internship%20ANSPRO/Public_news_portal/Public_news_portal/web/index.jsp</file>
            <file>file:/F:/PROJECTS/Internship/Internship%20ANSPRO/Public_news_portal/Public_news_portal/web/news.jsp</file>
            <file>file:/F:/PROJECTS/Internship/Internship%20ANSPRO/Public_news_portal/Public_news_portal/web/js/npm.js</file>
        </group>
    </open-files>
</project-private>
